Año/Mes,Canal distribución,Mat:Concepto Diseño,Mat:Mes Venta,Mat:Mundo,Mat:SubLinea,Mat:Tipo Articulo,Mat:Tipo de Negocio,Talla,Material,Und. Pronóstico,Und. Vendidas,% Rotación
01.2018,Tiendas Propias,ESCOLAR,ENERO,BEBES-FEMENINO,MODA,OVERALL LARGO,NO LINEA,12,4208147,100 ,2 ,2.00 
01.2018,Tiendas Propias,ESCOLAR,ENERO,BEBES-FEMENINO,MODA,OVERALL LARGO,NO LINEA,18,4208147,147 ,10 ,6.80 
01.2018,Tiendas Propias,ESCOLAR,ENERO,BEBES-FEMENINO,MODA,OVERALL LARGO,NO LINEA,24,4208147,196 ,13 ,6.63 
01.2018,Tiendas Propias,ESCOLAR,ENERO,BEBES-FEMENINO,MODA,OVERALL LARGO,NO LINEA,2T,4208147,266 ,20 ,7.52 
01.2018,Tiendas Propias,ESCOLAR,ENERO,BEBES-FEMENINO,MODA,OVERALL LARGO,NO LINEA,3T,4208147,317 ,32 ,10.09 
01.2018,Tiendas Propias,ESCOLAR,ENERO,BEBES-FEMENINO,MODA,OVERALL LARGO,NO LINEA,4T,4208147,188 ,34 ,18.09 
01.2018,Tiendas Propias,ESCOLAR,ENERO,BEBES-FEMENINO,MODA,OVERALL LARGO,NO LINEA,5T,4208147,198 ,24 ,12.12 
01.2018,Tiendas Propias,ESCOLAR,ENERO,BEBES-MASCULINO,MODA,BOTAS,NO LINEA,2324,4110387,604 ,27 ,4.47 
01.2018,Tiendas Propias,ESCOLAR,ENERO,BEBES-MASCULINO,MODA,BOTAS,NO LINEA,2526,4110387,504 ,39 ,7.74 
01.2018,Tiendas Propias,ESCOLAR,ENERO,BEBES-MASCULINO,MODA,BOTAS,NO LINEA,2728,4110387,433 ,36 ,8.31 
01.2018,Tiendas Propias,ESCOLAR,ENERO,BEBES-MASCULINO,MODA,BOTAS,NO LINEA,2930,4110387,433 ,18 ,4.16 
01.2018,Tiendas Propias,ESCOLAR,ENERO,BEBES-MASCULINO,MODA,BOTAS,NO LINEA,3132,4110387,419 ,18 ,4.30 
01.2018,Tiendas Propias,ESCOLAR,ENERO,BEBES-MASCULINO,MODA,OVERALL LARGO,NO LINEA,12,4108122,19 ,1 ,5.26 
01.2018,Tiendas Propias,ESCOLAR,ENERO,BEBES-MASCULINO,MODA,OVERALL LARGO,NO LINEA,18,4108122,29 ,6 ,20.69 
01.2018,Tiendas Propias,ESCOLAR,ENERO,BEBES-MASCULINO,MODA,OVERALL LARGO,NO LINEA,24,4108122,52 ,9 ,17.31 
01.2018,Tiendas Propias,ESCOLAR,ENERO,BEBES-MASCULINO,MODA,OVERALL LARGO,NO LINEA,2T,4108122,93 ,18 ,19.35 
01.2018,Tiendas Propias,ESCOLAR,ENERO,BEBES-MASCULINO,MODA,OVERALL LARGO,NO LINEA,3T,4108122,98 ,17 ,17.35 
01.2018,Tiendas Propias,ESCOLAR,ENERO,BEBES-MASCULINO,MODA,OVERALL LARGO,NO LINEA,4T,4108122,82 ,13 ,15.85 
01.2018,Tiendas Propias,ESCOLAR,ENERO,BEBES-MASCULINO,MODA,OVERALL LARGO,NO LINEA,5T,4108122,63 ,20 ,31.75 
01.2018,Tiendas Propias,ESCOLAR,ENERO,BEBES-MASCULINO,MODA,TENIS,NO LINEA,19,4110375,100 ,8 ,8.00 
01.2018,Tiendas Propias,ESCOLAR,ENERO,BEBES-MASCULINO,MODA,TENIS,NO LINEA,20,4110375,104 ,17 ,16.35 
01.2018,Tiendas Propias,ESCOLAR,ENERO,BEBES-MASCULINO,MODA,TENIS,NO LINEA,21,4110375,104 ,27 ,25.96 
01.2018,Tiendas Propias,ESCOLAR,ENERO,BEBES-MASCULINO,MODA,TENIS,NO LINEA,22,4110375,202 ,36 ,17.82 
01.2018,Tiendas Propias,ESCOLAR,ENERO,BEBES-MASCULINO,MODA,TENIS,NO LINEA,23,4110375,202 ,43 ,21.29 
01.2018,Tiendas Propias,ESCOLAR,ENERO,BEBES-MASCULINO,MODA,TENIS,NO LINEA,24,4110375,154 ,49 ,31.82 
01.2018,Tiendas Propias,ESCOLAR,ENERO,BEBES-MASCULINO,MODA,TENIS,NO LINEA,25,4110375,104 ,40 ,38.46 
01.2018,Tiendas Propias,ESCOLAR,ENERO,BEBES-MASCULINO,MODA,TENIS,NO LINEA,26,4110375,100 ,55 ,55.00 
01.2018,Tiendas Propias,ESCOLAR,ENERO,BEBES-MASCULINO,MODA,TENIS,NO LINEA,27,4110375,98 ,47 ,47.96 
01.2018,Tiendas Propias,ESCOLAR,ENERO,NIÑOS-FEMENINO,INTERIOR,CAÑA LARGA,NO LINEA,4/6,5219211,180 ,25 ,13.89 
01.2018,Tiendas Propias,ESCOLAR,ENERO,NIÑOS-FEMENINO,INTERIOR,CAÑA LARGA,NO LINEA,6/8,5219211,230 ,25 ,10.87 
01.2018,Tiendas Propias,ESCOLAR,ENERO,NIÑOS-FEMENINO,INTERIOR,CAÑA LARGA,NO LINEA,8/10,5219211,274 ,23 ,8.39 
01.2018,Tiendas Propias,ESCOLAR,ENERO,NIÑOS-FEMENINO,INTERIOR,CAÑA LARGA,NO LINEA,9/11,5219211,258 ,12 ,4.65 
01.2018,Tiendas Propias,ESCOLAR,ENERO,NIÑOS-FEMENINO,MODA,DENIM,NO LINEA,10,5226748,102 ,18 ,17.65 
01.2018,Tiendas Propias,ESCOLAR,ENERO,NIÑOS-FEMENINO,MODA,DENIM,NO LINEA,12,5226748,102 ,12 ,11.76 
01.2018,Tiendas Propias,ESCOLAR,ENERO,NIÑOS-FEMENINO,MODA,DENIM,NO LINEA,14,5226748,52 ,8 ,15.38 
01.2018,Tiendas Propias,ESCOLAR,ENERO,NIÑOS-FEMENINO,MODA,DENIM,NO LINEA,16,5226748,51 ,6 ,11.76 
01.2018,Tiendas Propias,ESCOLAR,ENERO,NIÑOS-FEMENINO,MODA,DENIM,NO LINEA,4,5226748,50 ,2 ,4.00 
01.2018,Tiendas Propias,ESCOLAR,ENERO,NIÑOS-FEMENINO,MODA,DENIM,NO LINEA,6,5226748,82 ,10 ,12.20 
01.2018,Tiendas Propias,ESCOLAR,ENERO,NIÑOS-FEMENINO,MODA,DENIM,NO LINEA,8,5226748,102 ,19 ,18.63 
01.2018,Tiendas Propias,ESCOLAR,ENERO,NIÑOS-MASCULINO,MODA,TENIS,NO LINEA,28,5110250,150 ,42 ,28.00 
01.2018,Tiendas Propias,ESCOLAR,ENERO,NIÑOS-MASCULINO,MODA,TENIS,NO LINEA,29,5110250,122 ,25 ,20.49 
01.2018,Tiendas Propias,ESCOLAR,ENERO,NIÑOS-MASCULINO,MODA,TENIS,NO LINEA,30,5110250,150 ,32 ,21.33 
01.2018,Tiendas Propias,ESCOLAR,ENERO,NIÑOS-MASCULINO,MODA,TENIS,NO LINEA,31,5110250,136 ,24 ,17.65 
01.2018,Tiendas Propias,ESCOLAR,ENERO,NIÑOS-MASCULINO,MODA,TENIS,NO LINEA,32,5110250,150 ,29 ,19.33 
01.2018,Tiendas Propias,ESCOLAR,ENERO,NIÑOS-MASCULINO,MODA,TENIS,NO LINEA,33,5110250,120 ,27 ,22.50 
01.2018,Tiendas Propias,ESCOLAR,ENERO,NIÑOS-MASCULINO,MODA,TENIS,NO LINEA,34,5110250,148 ,39 ,26.35 
01.2018,Tiendas Propias,ESCOLAR,ENERO,NIÑOS-MASCULINO,MODA,TENIS,NO LINEA,35,5110250,122 ,27 ,22.13 
01.2018,Tiendas Propias,ESCOLAR,ENERO,NIÑOS-MASCULINO,MODA,TENIS,NO LINEA,36,5110250,136 ,26 ,19.12 
01.2018,Tiendas Propias,ESCOLAR,ENERO,NIÑOS-MASCULINO,MODA,TENIS,NO LINEA,37,5110250,134 ,35 ,26.12 
01.2018,Tiendas Propias,OC SPORTS DIVISION,ENERO,BEBES-FEMENINO,OC SPORTS,CAMISETA MANGA CORTA,NO LINEA,2T,4223688,130 ,8 ,6.15 
01.2018,Tiendas Propias,OC SPORTS DIVISION,ENERO,BEBES-FEMENINO,OC SPORTS,CAMISETA MANGA CORTA,NO LINEA,3T,4223688,200 ,14 ,7.00 
01.2018,Tiendas Propias,OC SPORTS DIVISION,ENERO,BEBES-FEMENINO,OC SPORTS,CAMISETA MANGA CORTA,NO LINEA,4T,4223688,172 ,6 ,3.49 
01.2018,Tiendas Propias,OC SPORTS DIVISION,ENERO,BEBES-FEMENINO,OC SPORTS,CAMISETA MANGA CORTA,NO LINEA,5T,4223688,172 ,9 ,5.23 
01.2018,Tiendas Propias,OC SPORTS DIVISION,ENERO,BEBES-FEMENINO,OC SPORTS,CHAQUETA,NO LINEA,2T,4213632,52 ,0 ,
01.2018,Tiendas Propias,OC SPORTS DIVISION,ENERO,BEBES-FEMENINO,OC SPORTS,CHAQUETA,NO LINEA,3T,4213632,80 ,3 ,3.75 
01.2018,Tiendas Propias,OC SPORTS DIVISION,ENERO,BEBES-FEMENINO,OC SPORTS,CHAQUETA,NO LINEA,4T,4213632,77 ,7 ,9.09 
01.2018,Tiendas Propias,OC SPORTS DIVISION,ENERO,BEBES-FEMENINO,OC SPORTS,CHAQUETA,NO LINEA,5T,4213632,62 ,0 ,
01.2018,Tiendas Propias,OC SPORTS DIVISION,ENERO,BEBES-FEMENINO,OC SPORTS,LEGGINGS,NO LINEA,2T,4226067,132 ,11 ,8.33 
01.2018,Tiendas Propias,OC SPORTS DIVISION,ENERO,BEBES-FEMENINO,OC SPORTS,LEGGINGS,NO LINEA,3T,4226067,200 ,14 ,7.00 
01.2018,Tiendas Propias,OC SPORTS DIVISION,ENERO,BEBES-FEMENINO,OC SPORTS,LEGGINGS,NO LINEA,4T,4226067,172 ,13 ,7.56 
01.2018,Tiendas Propias,OC SPORTS DIVISION,ENERO,BEBES-FEMENINO,OC SPORTS,LEGGINGS,NO LINEA,5T,4226067,170 ,21 ,12.35 
01.2018,Tiendas Propias,OC SPORTS DIVISION,ENERO,BEBES-MASCULINO,OC SPORTS,CAMISETA MANGA CORTA,NO LINEA,2T,4123867,151 ,12 ,7.95 
01.2018,Tiendas Propias,OC SPORTS DIVISION,ENERO,BEBES-MASCULINO,OC SPORTS,CAMISETA MANGA CORTA,NO LINEA,3T,4123867,324 ,21 ,6.48 
01.2018,Tiendas Propias,OC SPORTS DIVISION,ENERO,BEBES-MASCULINO,OC SPORTS,CAMISETA MANGA CORTA,NO LINEA,4T,4123867,228 ,11 ,4.82 
01.2018,Tiendas Propias,OC SPORTS DIVISION,ENERO,BEBES-MASCULINO,OC SPORTS,CAMISETA MANGA CORTA,NO LINEA,5T,4123867,138 ,21 ,15.22 
01.2018,Tiendas Propias,OC SPORTS DIVISION,ENERO,BEBES-MASCULINO,OC SPORTS,CHAQUETA,NO LINEA,2T,4113731,142 ,11 ,7.75 
01.2018,Tiendas Propias,OC SPORTS DIVISION,ENERO,BEBES-MASCULINO,OC SPORTS,CHAQUETA,NO LINEA,3T,4113731,155 ,19 ,12.26 
01.2018,Tiendas Propias,OC SPORTS DIVISION,ENERO,BEBES-MASCULINO,OC SPORTS,CHAQUETA,NO LINEA,4T,4113731,146 ,8 ,5.48 
01.2018,Tiendas Propias,OC SPORTS DIVISION,ENERO,BEBES-MASCULINO,OC SPORTS,CHAQUETA,NO LINEA,5T,4113731,112 ,9 ,8.04 
01.2018,Tiendas Propias,OC SPORTS DIVISION,ENERO,BEBES-MASCULINO,OC SPORTS,SUDADERA,NO LINEA,2T,4126144,136 ,21 ,15.44 
01.2018,Tiendas Propias,OC SPORTS DIVISION,ENERO,BEBES-MASCULINO,OC SPORTS,SUDADERA,NO LINEA,3T,4126144,318 ,29 ,9.12 
01.2018,Tiendas Propias,OC SPORTS DIVISION,ENERO,BEBES-MASCULINO,OC SPORTS,SUDADERA,NO LINEA,4T,4126144,222 ,22 ,9.91 
01.2018,Tiendas Propias,OC SPORTS DIVISION,ENERO,BEBES-MASCULINO,OC SPORTS,SUDADERA,NO LINEA,5T,4126144,134 ,38 ,28.36 
01.2018,Tiendas Propias,OC SPORTS DIVISION,ENERO,NIÑOS-FEMENINO,OC SPORTS,CAMISETA MANGA CORTA,NO LINEA,10,5233842,324 ,26 ,8.02 
01.2018,Tiendas Propias,OC SPORTS DIVISION,ENERO,NIÑOS-FEMENINO,OC SPORTS,CAMISETA MANGA CORTA,NO LINEA,12,5233842,272 ,24 ,8.82 
01.2018,Tiendas Propias,OC SPORTS DIVISION,ENERO,NIÑOS-FEMENINO,OC SPORTS,CAMISETA MANGA CORTA,NO LINEA,14,5233842,170 ,14 ,8.24 
01.2018,Tiendas Propias,OC SPORTS DIVISION,ENERO,NIÑOS-FEMENINO,OC SPORTS,CAMISETA MANGA CORTA,NO LINEA,16,5233842,130 ,28 ,21.54 
01.2018,Tiendas Propias,OC SPORTS DIVISION,ENERO,NIÑOS-FEMENINO,OC SPORTS,CAMISETA MANGA CORTA,NO LINEA,4,5233842,2 ,0 ,
01.2018,Tiendas Propias,OC SPORTS DIVISION,ENERO,NIÑOS-FEMENINO,OC SPORTS,CAMISETA MANGA CORTA,NO LINEA,6,5233842,160 ,8 ,5.00 
01.2018,Tiendas Propias,OC SPORTS DIVISION,ENERO,NIÑOS-FEMENINO,OC SPORTS,CAMISETA MANGA CORTA,NO LINEA,8,5233842,228 ,14 ,6.14 
01.2018,Tiendas Propias,OC SPORTS DIVISION,ENERO,NIÑOS-FEMENINO,OC SPORTS,CHAQUETA,NO LINEA,10,5253056,129 ,5 ,3.88 
01.2018,Tiendas Propias,OC SPORTS DIVISION,ENERO,NIÑOS-FEMENINO,OC SPORTS,CHAQUETA,NO LINEA,12,5253056,129 ,5 ,3.88 
01.2018,Tiendas Propias,OC SPORTS DIVISION,ENERO,NIÑOS-FEMENINO,OC SPORTS,CHAQUETA,NO LINEA,14,5253056,98 ,6 ,6.12 
01.2018,Tiendas Propias,OC SPORTS DIVISION,ENERO,NIÑOS-FEMENINO,OC SPORTS,CHAQUETA,NO LINEA,16,5253056,99 ,7 ,7.07 
01.2018,Tiendas Propias,OC SPORTS DIVISION,ENERO,NIÑOS-FEMENINO,OC SPORTS,CHAQUETA,NO LINEA,6,5253056,64 ,1 ,1.56 
01.2018,Tiendas Propias,OC SPORTS DIVISION,ENERO,NIÑOS-FEMENINO,OC SPORTS,CHAQUETA,NO LINEA,8,5253056,103 ,4 ,3.88 
01.2018,Tiendas Propias,OC SPORTS DIVISION,ENERO,NIÑOS-FEMENINO,OC SPORTS,LEGGINGS,NO LINEA,10,5226724,294 ,19 ,6.46 
01.2018,Tiendas Propias,OC SPORTS DIVISION,ENERO,NIÑOS-FEMENINO,OC SPORTS,LEGGINGS,NO LINEA,12,5226724,198 ,23 ,11.62 
01.2018,Tiendas Propias,OC SPORTS DIVISION,ENERO,NIÑOS-FEMENINO,OC SPORTS,LEGGINGS,NO LINEA,14,5226724,140 ,13 ,9.29 
01.2018,Tiendas Propias,OC SPORTS DIVISION,ENERO,NIÑOS-FEMENINO,OC SPORTS,LEGGINGS,NO LINEA,16,5226724,128 ,21 ,16.41 
01.2018,Tiendas Propias,OC SPORTS DIVISION,ENERO,NIÑOS-FEMENINO,OC SPORTS,LEGGINGS,NO LINEA,4,5226724,2 ,0 ,
01.2018,Tiendas Propias,OC SPORTS DIVISION,ENERO,NIÑOS-FEMENINO,OC SPORTS,LEGGINGS,NO LINEA,6,5226724,160 ,26 ,16.25 
01.2018,Tiendas Propias,OC SPORTS DIVISION,ENERO,NIÑOS-FEMENINO,OC SPORTS,LEGGINGS,NO LINEA,8,5226724,198 ,22 ,11.11 
01.2018,Tiendas Propias,OC SPORTS DIVISION,ENERO,NIÑOS-MASCULINO,OC SPORTS,CAMISETA MANGA CORTA,NO LINEA,10,5133404,264 ,28 ,10.61 
01.2018,Tiendas Propias,OC SPORTS DIVISION,ENERO,NIÑOS-MASCULINO,OC SPORTS,CAMISETA MANGA CORTA,NO LINEA,12,5133404,262 ,30 ,11.45 
01.2018,Tiendas Propias,OC SPORTS DIVISION,ENERO,NIÑOS-MASCULINO,OC SPORTS,CAMISETA MANGA CORTA,NO LINEA,14,5133404,102 ,24 ,23.53 
01.2018,Tiendas Propias,OC SPORTS DIVISION,ENERO,NIÑOS-MASCULINO,OC SPORTS,CAMISETA MANGA CORTA,NO LINEA,16,5133404,100 ,27 ,27.00 
01.2018,Tiendas Propias,OC SPORTS DIVISION,ENERO,NIÑOS-MASCULINO,OC SPORTS,CAMISETA MANGA CORTA,NO LINEA,4,5133404,4 ,2 ,50.00 
01.2018,Tiendas Propias,OC SPORTS DIVISION,ENERO,NIÑOS-MASCULINO,OC SPORTS,CAMISETA MANGA CORTA,NO LINEA,6,5133404,162 ,14 ,8.64 
01.2018,Tiendas Propias,OC SPORTS DIVISION,ENERO,NIÑOS-MASCULINO,OC SPORTS,CAMISETA MANGA CORTA,NO LINEA,8,5133404,264 ,13 ,4.92 
01.2018,Tiendas Propias,OC SPORTS DIVISION,ENERO,NIÑOS-MASCULINO,OC SPORTS,CHAQUETA,NO LINEA,10,5113861,200 ,15 ,7.50 
01.2018,Tiendas Propias,OC SPORTS DIVISION,ENERO,NIÑOS-MASCULINO,OC SPORTS,CHAQUETA,NO LINEA,12,5113861,200 ,18 ,9.00 
01.2018,Tiendas Propias,OC SPORTS DIVISION,ENERO,NIÑOS-MASCULINO,OC SPORTS,CHAQUETA,NO LINEA,14,5113861,170 ,17 ,10.00 
01.2018,Tiendas Propias,OC SPORTS DIVISION,ENERO,NIÑOS-MASCULINO,OC SPORTS,CHAQUETA,NO LINEA,16,5113861,100 ,25 ,25.00 
01.2018,Tiendas Propias,OC SPORTS DIVISION,ENERO,NIÑOS-MASCULINO,OC SPORTS,CHAQUETA,NO LINEA,4,5113861,2 ,2 ,100.00 
01.2018,Tiendas Propias,OC SPORTS DIVISION,ENERO,NIÑOS-MASCULINO,OC SPORTS,CHAQUETA,NO LINEA,6,5113861,115 ,11 ,9.57 
01.2018,Tiendas Propias,OC SPORTS DIVISION,ENERO,NIÑOS-MASCULINO,OC SPORTS,CHAQUETA,NO LINEA,8,5113861,170 ,24 ,14.12 
01.2018,Tiendas Propias,OC SPORTS DIVISION,ENERO,NIÑOS-MASCULINO,OC SPORTS,SUDADERA,NO LINEA,10,5126668,264 ,43 ,16.29 
01.2018,Tiendas Propias,OC SPORTS DIVISION,ENERO,NIÑOS-MASCULINO,OC SPORTS,SUDADERA,NO LINEA,12,5126668,264 ,52 ,19.70 
01.2018,Tiendas Propias,OC SPORTS DIVISION,ENERO,NIÑOS-MASCULINO,OC SPORTS,SUDADERA,NO LINEA,14,5126668,102 ,31 ,30.39 
01.2018,Tiendas Propias,OC SPORTS DIVISION,ENERO,NIÑOS-MASCULINO,OC SPORTS,SUDADERA,NO LINEA,16,5126668,100 ,28 ,28.00 
01.2018,Tiendas Propias,OC SPORTS DIVISION,ENERO,NIÑOS-MASCULINO,OC SPORTS,SUDADERA,NO LINEA,4,5126668,4 ,4 ,100.00 
01.2018,Tiendas Propias,OC SPORTS DIVISION,ENERO,NIÑOS-MASCULINO,OC SPORTS,SUDADERA,NO LINEA,6,5126668,162 ,36 ,22.22 
01.2018,Tiendas Propias,OC SPORTS DIVISION,ENERO,NIÑOS-MASCULINO,OC SPORTS,SUDADERA,NO LINEA,8,5126668,264 ,39 ,14.77 
01.2018,Tiendas Propias,PSYCHEDELIC NATURE,ENERO,BEBES-FEMENINO,MODA,BOTAS,NO LINEA,2324,4210441,832 ,51 ,6.13 
01.2018,Tiendas Propias,PSYCHEDELIC NATURE,ENERO,BEBES-FEMENINO,MODA,BOTAS,NO LINEA,2526,4210441,784 ,49 ,6.25 
01.2018,Tiendas Propias,PSYCHEDELIC NATURE,ENERO,BEBES-FEMENINO,MODA,BOTAS,NO LINEA,2728,4210441,588 ,42 ,7.14 
01.2018,Tiendas Propias,PSYCHEDELIC NATURE,ENERO,BEBES-FEMENINO,MODA,BOTAS,NO LINEA,2930,4210441,514 ,34 ,6.61 
01.2018,Tiendas Propias,PSYCHEDELIC NATURE,ENERO,BEBES-FEMENINO,MODA,BOTAS,NO LINEA,3132,4210441,465 ,17 ,3.66 
01.2018,Tiendas Propias,PSYCHEDELIC NATURE,ENERO,BEBES-FEMENINO,MODA,BUZO,NO LINEA,12,4213650,70 ,11 ,15.71 
01.2018,Tiendas Propias,PSYCHEDELIC NATURE,ENERO,BEBES-FEMENINO,MODA,BUZO,NO LINEA,18,4213650,72 ,8 ,11.11 
01.2018,Tiendas Propias,PSYCHEDELIC NATURE,ENERO,BEBES-FEMENINO,MODA,BUZO,NO LINEA,24,4213650,72 ,21 ,29.17 
01.2018,Tiendas Propias,PSYCHEDELIC NATURE,ENERO,BEBES-FEMENINO,MODA,BUZO,NO LINEA,2T,4213650,140 ,37 ,26.43 
01.2018,Tiendas Propias,PSYCHEDELIC NATURE,ENERO,BEBES-FEMENINO,MODA,BUZO,NO LINEA,3T,4213650,162 ,51 ,31.48 
01.2018,Tiendas Propias,PSYCHEDELIC NATURE,ENERO,BEBES-FEMENINO,MODA,BUZO,NO LINEA,4T,4213650,129 ,51 ,39.53 
01.2018,Tiendas Propias,PSYCHEDELIC NATURE,ENERO,BEBES-FEMENINO,MODA,BUZO,NO LINEA,5T,4213650,76 ,43 ,56.58 
01.2018,Tiendas Propias,PSYCHEDELIC NATURE,ENERO,BEBES-FEMENINO,MODA,CAMISETA MANGA CORTA,NO LINEA,12,4223722,4 ,2 ,50.00 
01.2018,Tiendas Propias,PSYCHEDELIC NATURE,ENERO,BEBES-FEMENINO,MODA,CAMISETA MANGA CORTA,NO LINEA,12,4223723,75 ,8 ,10.67 
01.2018,Tiendas Propias,PSYCHEDELIC NATURE,ENERO,BEBES-FEMENINO,MODA,CAMISETA MANGA CORTA,NO LINEA,12,Resultado,79 ,10 ,12.66 
01.2018,Tiendas Propias,PSYCHEDELIC NATURE,ENERO,BEBES-FEMENINO,MODA,CAMISETA MANGA CORTA,NO LINEA,18,4223722,8 ,8 ,100.00 
01.2018,Tiendas Propias,PSYCHEDELIC NATURE,ENERO,BEBES-FEMENINO,MODA,CAMISETA MANGA CORTA,NO LINEA,18,4223723,80 ,17 ,21.25 
01.2018,Tiendas Propias,PSYCHEDELIC NATURE,ENERO,BEBES-FEMENINO,MODA,CAMISETA MANGA CORTA,NO LINEA,18,Resultado,88 ,25 ,28.41 
01.2018,Tiendas Propias,PSYCHEDELIC NATURE,ENERO,BEBES-FEMENINO,MODA,CAMISETA MANGA CORTA,NO LINEA,24,4223723,186 ,41 ,22.04 
01.2018,Tiendas Propias,PSYCHEDELIC NATURE,ENERO,BEBES-FEMENINO,MODA,CAMISETA MANGA CORTA,NO LINEA,24,Resultado,196 ,53 ,27.04 
01.2018,Tiendas Propias,PSYCHEDELIC NATURE,ENERO,BEBES-FEMENINO,MODA,CAMISETA MANGA CORTA,NO LINEA,2T,4223723,247 ,72 ,29.15 
01.2018,Tiendas Propias,PSYCHEDELIC NATURE,ENERO,BEBES-FEMENINO,MODA,CAMISETA MANGA CORTA,NO LINEA,2T,Resultado,259 ,95 ,36.68 
01.2018,Tiendas Propias,PSYCHEDELIC NATURE,ENERO,BEBES-FEMENINO,MODA,CAMISETA MANGA CORTA,NO LINEA,3T,4223723,279 ,103 ,36.92 
01.2018,Tiendas Propias,PSYCHEDELIC NATURE,ENERO,BEBES-FEMENINO,MODA,CAMISETA MANGA CORTA,NO LINEA,3T,Resultado,295 ,124 ,42.03 
01.2018,Tiendas Propias,PSYCHEDELIC NATURE,ENERO,BEBES-FEMENINO,MODA,CAMISETA MANGA CORTA,NO LINEA,4T,4223723,212 ,98 ,46.23 
01.2018,Tiendas Propias,PSYCHEDELIC NATURE,ENERO,BEBES-FEMENINO,MODA,CAMISETA MANGA CORTA,NO LINEA,4T,Resultado,228 ,127 ,55.70 
01.2018,Tiendas Propias,PSYCHEDELIC NATURE,ENERO,BEBES-FEMENINO,MODA,CAMISETA MANGA CORTA,NO LINEA,5T,4223723,163 ,78 ,47.85 
01.2018,Tiendas Propias,PSYCHEDELIC NATURE,ENERO,BEBES-FEMENINO,MODA,CAMISETA MANGA CORTA,NO LINEA,5T,Resultado,177 ,111 ,62.71 
01.2018,Tiendas Propias,PSYCHEDELIC NATURE,ENERO,BEBES-FEMENINO,MODA,ENTERIZO LARGO,NO LINEA,12,4208148,98 ,10 ,10.20 
01.2018,Tiendas Propias,PSYCHEDELIC NATURE,ENERO,BEBES-FEMENINO,MODA,ENTERIZO LARGO,NO LINEA,18,4208148,140 ,11 ,7.86 
01.2018,Tiendas Propias,PSYCHEDELIC NATURE,ENERO,BEBES-FEMENINO,MODA,ENTERIZO LARGO,NO LINEA,24,4208148,182 ,11 ,6.04 
01.2018,Tiendas Propias,PSYCHEDELIC NATURE,ENERO,BEBES-FEMENINO,MODA,ENTERIZO LARGO,NO LINEA,2T,4208148,222 ,20 ,9.01 
01.2018,Tiendas Propias,PSYCHEDELIC NATURE,ENERO,BEBES-FEMENINO,MODA,ENTERIZO LARGO,NO LINEA,3T,4208148,252 ,20 ,7.94 
01.2018,Tiendas Propias,PSYCHEDELIC NATURE,ENERO,BEBES-FEMENINO,MODA,ENTERIZO LARGO,NO LINEA,4T,4208148,172 ,18 ,10.47 
01.2018,Tiendas Propias,PSYCHEDELIC NATURE,ENERO,BEBES-FEMENINO,MODA,ENTERIZO LARGO,NO LINEA,5T,4208148,182 ,26 ,14.29 
01.2018,Tiendas Propias,PSYCHEDELIC NATURE,ENERO,BEBES-FEMENINO,MODA,SHORT,NO LINEA,12,4205250,37 ,15 ,40.54 
01.2018,Tiendas Propias,PSYCHEDELIC NATURE,ENERO,BEBES-FEMENINO,MODA,SHORT,NO LINEA,12,4205251,3 ,0 ,
01.2018,Tiendas Propias,PSYCHEDELIC NATURE,ENERO,BEBES-FEMENINO,MODA,SHORT,NO LINEA,12,Resultado,40 ,15 ,37.50 
01.2018,Tiendas Propias,PSYCHEDELIC NATURE,ENERO,BEBES-FEMENINO,MODA,SHORT,NO LINEA,18,4205250,46 ,11 ,23.91 
01.2018,Tiendas Propias,PSYCHEDELIC NATURE,ENERO,BEBES-FEMENINO,MODA,SHORT,NO LINEA,18,4205251,4 ,0 ,
01.2018,Tiendas Propias,PSYCHEDELIC NATURE,ENERO,BEBES-FEMENINO,MODA,SHORT,NO LINEA,18,Resultado,50 ,11 ,22.00 
01.2018,Tiendas Propias,PSYCHEDELIC NATURE,ENERO,BEBES-FEMENINO,MODA,SHORT,NO LINEA,24,4205250,51 ,13 ,25.49 
01.2018,Tiendas Propias,PSYCHEDELIC NATURE,ENERO,BEBES-FEMENINO,MODA,SHORT,NO LINEA,24,4205251,5 ,2 ,40.00 
01.2018,Tiendas Propias,PSYCHEDELIC NATURE,ENERO,BEBES-FEMENINO,MODA,SHORT,NO LINEA,24,Resultado,56 ,15 ,26.79 
01.2018,Tiendas Propias,PSYCHEDELIC NATURE,ENERO,BEBES-FEMENINO,MODA,SHORT,NO LINEA,2T,4205250,53 ,15 ,28.30 
01.2018,Tiendas Propias,PSYCHEDELIC NATURE,ENERO,BEBES-FEMENINO,MODA,SHORT,NO LINEA,2T,4205251,7 ,5 ,71.43 
01.2018,Tiendas Propias,PSYCHEDELIC NATURE,ENERO,BEBES-FEMENINO,MODA,SHORT,NO LINEA,2T,Resultado,60 ,20 ,33.33 
01.2018,Tiendas Propias,PSYCHEDELIC NATURE,ENERO,BEBES-FEMENINO,MODA,SHORT,NO LINEA,3T,4205250,53 ,14 ,26.42 
01.2018,Tiendas Propias,PSYCHEDELIC NATURE,ENERO,BEBES-FEMENINO,MODA,SHORT,NO LINEA,3T,4205251,9 ,5 ,55.56 
01.2018,Tiendas Propias,PSYCHEDELIC NATURE,ENERO,BEBES-FEMENINO,MODA,SHORT,NO LINEA,3T,Resultado,62 ,19 ,30.65 
01.2018,Tiendas Propias,PSYCHEDELIC NATURE,ENERO,BEBES-FEMENINO,MODA,SHORT,NO LINEA,4T,4205250,52 ,15 ,28.85 
01.2018,Tiendas Propias,PSYCHEDELIC NATURE,ENERO,BEBES-FEMENINO,MODA,SHORT,NO LINEA,4T,4205251,9 ,7 ,77.78 
01.2018,Tiendas Propias,PSYCHEDELIC NATURE,ENERO,BEBES-FEMENINO,MODA,SHORT,NO LINEA,4T,Resultado,61 ,22 ,36.07 
01.2018,Tiendas Propias,PSYCHEDELIC NATURE,ENERO,BEBES-FEMENINO,MODA,SHORT,NO LINEA,5T,4205250,46 ,16 ,34.78 
01.2018,Tiendas Propias,PSYCHEDELIC NATURE,ENERO,BEBES-FEMENINO,MODA,SHORT,NO LINEA,5T,4205251,7 ,6 ,85.71 
01.2018,Tiendas Propias,PSYCHEDELIC NATURE,ENERO,BEBES-FEMENINO,MODA,SHORT,NO LINEA,5T,Resultado,53 ,22 ,41.51 
01.2018,Tiendas Propias,PSYCHEDELIC NATURE,ENERO,BEBES-FEMENINO,MODA,SUDADERA,NO LINEA,12,4226088,70 ,14 ,20.00 
01.2018,Tiendas Propias,PSYCHEDELIC NATURE,ENERO,BEBES-FEMENINO,MODA,SUDADERA,NO LINEA,18,4226088,72 ,10 ,13.89 
01.2018,Tiendas Propias,PSYCHEDELIC NATURE,ENERO,BEBES-FEMENINO,MODA,SUDADERA,NO LINEA,24,4226088,74 ,21 ,28.38 
01.2018,Tiendas Propias,PSYCHEDELIC NATURE,ENERO,BEBES-FEMENINO,MODA,SUDADERA,NO LINEA,2T,4226088,142 ,54 ,38.03 
01.2018,Tiendas Propias,PSYCHEDELIC NATURE,ENERO,BEBES-FEMENINO,MODA,SUDADERA,NO LINEA,3T,4226088,162 ,49 ,30.25 
01.2018,Tiendas Propias,PSYCHEDELIC NATURE,ENERO,BEBES-FEMENINO,MODA,SUDADERA,NO LINEA,4T,4226088,129 ,49 ,37.98 
01.2018,Tiendas Propias,PSYCHEDELIC NATURE,ENERO,BEBES-FEMENINO,MODA,SUDADERA,NO LINEA,5T,4226088,76 ,39 ,51.32 
01.2018,Tiendas Propias,PSYCHEDELIC NATURE,ENERO,BEBES-FEMENINO,MODA,TENIS,NO LINEA,19,4210454,150 ,19 ,12.67 
01.2018,Tiendas Propias,PSYCHEDELIC NATURE,ENERO,BEBES-FEMENINO,MODA,TENIS,NO LINEA,20,4210454,152 ,34 ,22.37 
01.2018,Tiendas Propias,PSYCHEDELIC NATURE,ENERO,BEBES-FEMENINO,MODA,TENIS,NO LINEA,21,4210454,154 ,63 ,40.91 
01.2018,Tiendas Propias,PSYCHEDELIC NATURE,ENERO,BEBES-FEMENINO,MODA,TENIS,NO LINEA,22,4210454,156 ,73 ,46.79 
01.2018,Tiendas Propias,PSYCHEDELIC NATURE,ENERO,BEBES-FEMENINO,MODA,TENIS,NO LINEA,23,4210454,108 ,62 ,57.41 
01.2018,Tiendas Propias,PSYCHEDELIC NATURE,ENERO,BEBES-FEMENINO,MODA,TENIS,NO LINEA,24,4210454,108 ,75 ,69.44 
01.2018,Tiendas Propias,PSYCHEDELIC NATURE,ENERO,BEBES-FEMENINO,MODA,TENIS,NO LINEA,25,4210454,106 ,91 ,85.85 
01.2018,Tiendas Propias,PSYCHEDELIC NATURE,ENERO,BEBES-FEMENINO,MODA,VESTIDO MANGA SISA,NO LINEA,12,4201673,38 ,4 ,10.53 
01.2018,Tiendas Propias,PSYCHEDELIC NATURE,ENERO,BEBES-FEMENINO,MODA,VESTIDO MANGA SISA,NO LINEA,18,4201673,40 ,5 ,12.50 
01.2018,Tiendas Propias,PSYCHEDELIC NATURE,ENERO,BEBES-FEMENINO,MODA,VESTIDO MANGA SISA,NO LINEA,24,4201673,56 ,10 ,17.86 
01.2018,Tiendas Propias,PSYCHEDELIC NATURE,ENERO,BEBES-FEMENINO,MODA,VESTIDO MANGA SISA,NO LINEA,2T,4201673,84 ,24 ,28.57 
01.2018,Tiendas Propias,PSYCHEDELIC NATURE,ENERO,BEBES-FEMENINO,MODA,VESTIDO MANGA SISA,NO LINEA,3T,4201673,92 ,28 ,30.43 
01.2018,Tiendas Propias,PSYCHEDELIC NATURE,ENERO,BEBES-FEMENINO,MODA,VESTIDO MANGA SISA,NO LINEA,4T,4201673,88 ,36 ,40.91 
01.2018,Tiendas Propias,PSYCHEDELIC NATURE,ENERO,BEBES-FEMENINO,MODA,VESTIDO MANGA SISA,NO LINEA,5T,4201673,62 ,29 ,46.77 
01.2018,Tiendas Propias,PSYCHEDELIC NATURE,ENERO,BEBES-MASCULINO,MODA,BERMUDA,NO LINEA,12,4105557,2 ,0 ,
01.2018,Tiendas Propias,PSYCHEDELIC NATURE,ENERO,BEBES-MASCULINO,MODA,BERMUDA,NO LINEA,12,4105558,60 ,13 ,21.67 
01.2018,Tiendas Propias,PSYCHEDELIC NATURE,ENERO,BEBES-MASCULINO,MODA,BERMUDA,NO LINEA,12,Resultado,62 ,13 ,20.97 
01.2018,Tiendas Propias,PSYCHEDELIC NATURE,ENERO,BEBES-MASCULINO,MODA,BERMUDA,NO LINEA,18,4105557,4 ,0 ,
01.2018,Tiendas Propias,PSYCHEDELIC NATURE,ENERO,BEBES-MASCULINO,MODA,BERMUDA,NO LINEA,18,4105558,81 ,17 ,20.99 
01.2018,Tiendas Propias,PSYCHEDELIC NATURE,ENERO,BEBES-MASCULINO,MODA,BERMUDA,NO LINEA,18,Resultado,85 ,17 ,20.00 
01.2018,Tiendas Propias,PSYCHEDELIC NATURE,ENERO,BEBES-MASCULINO,MODA,BERMUDA,NO LINEA,24,4105557,6 ,0 ,
01.2018,Tiendas Propias,PSYCHEDELIC NATURE,ENERO,BEBES-MASCULINO,MODA,BERMUDA,NO LINEA,24,4105558,109 ,40 ,36.70 
01.2018,Tiendas Propias,PSYCHEDELIC NATURE,ENERO,BEBES-MASCULINO,MODA,BERMUDA,NO LINEA,24,Resultado,115 ,40 ,34.78 
01.2018,Tiendas Propias,PSYCHEDELIC NATURE,ENERO,BEBES-MASCULINO,MODA,BERMUDA,NO LINEA,2T,4105557,8 ,1 ,12.50 
01.2018,Tiendas Propias,PSYCHEDELIC NATURE,ENERO,BEBES-MASCULINO,MODA,BERMUDA,NO LINEA,2T,4105558,136 ,62 ,45.59 
01.2018,Tiendas Propias,PSYCHEDELIC NATURE,ENERO,BEBES-MASCULINO,MODA,BERMUDA,NO LINEA,2T,Resultado,144 ,63 ,43.75 
01.2018,Tiendas Propias,PSYCHEDELIC NATURE,ENERO,BEBES-MASCULINO,MODA,BERMUDA,NO LINEA,3T,4105557,8 ,1 ,12.50 
01.2018,Tiendas Propias,PSYCHEDELIC NATURE,ENERO,BEBES-MASCULINO,MODA,BERMUDA,NO LINEA,3T,4105558,229 ,99 ,43.23 
01.2018,Tiendas Propias,PSYCHEDELIC NATURE,ENERO,BEBES-MASCULINO,MODA,BERMUDA,NO LINEA,3T,Resultado,237 ,100 ,42.19 
01.2018,Tiendas Propias,PSYCHEDELIC NATURE,ENERO,BEBES-MASCULINO,MODA,BERMUDA,NO LINEA,4T,4105557,8 ,1 ,12.50 
01.2018,Tiendas Propias,PSYCHEDELIC NATURE,ENERO,BEBES-MASCULINO,MODA,BERMUDA,NO LINEA,4T,4105558,136 ,65 ,47.79 
01.2018,Tiendas Propias,PSYCHEDELIC NATURE,ENERO,BEBES-MASCULINO,MODA,BERMUDA,NO LINEA,4T,Resultado,144 ,66 ,45.83 
01.2018,Tiendas Propias,PSYCHEDELIC NATURE,ENERO,BEBES-MASCULINO,MODA,BERMUDA,NO LINEA,5T,4105558,109 ,57 ,52.29 
01.2018,Tiendas Propias,PSYCHEDELIC NATURE,ENERO,BEBES-MASCULINO,MODA,BERMUDA,NO LINEA,5T,Resultado,115 ,57 ,49.57 
01.2018,Tiendas Propias,PSYCHEDELIC NATURE,ENERO,BEBES-MASCULINO,MODA,BUZO,NO LINEA,12,4113749,32 ,1 ,3.13 
01.2018,Tiendas Propias,PSYCHEDELIC NATURE,ENERO,BEBES-MASCULINO,MODA,BUZO,NO LINEA,12,4113750,2 ,0 ,
01.2018,Tiendas Propias,PSYCHEDELIC NATURE,ENERO,BEBES-MASCULINO,MODA,BUZO,NO LINEA,12,Resultado,34 ,1 ,2.94 
01.2018,Tiendas Propias,PSYCHEDELIC NATURE,ENERO,BEBES-MASCULINO,MODA,BUZO,NO LINEA,18,4113749,39 ,8 ,20.51 
01.2018,Tiendas Propias,PSYCHEDELIC NATURE,ENERO,BEBES-MASCULINO,MODA,BUZO,NO LINEA,18,4113750,3 ,0 ,
01.2018,Tiendas Propias,PSYCHEDELIC NATURE,ENERO,BEBES-MASCULINO,MODA,BUZO,NO LINEA,18,Resultado,42 ,8 ,19.05 
01.2018,Tiendas Propias,PSYCHEDELIC NATURE,ENERO,BEBES-MASCULINO,MODA,BUZO,NO LINEA,24,4113749,123 ,14 ,11.38 
01.2018,Tiendas Propias,PSYCHEDELIC NATURE,ENERO,BEBES-MASCULINO,MODA,BUZO,NO LINEA,24,4113750,4 ,0 ,
01.2018,Tiendas Propias,PSYCHEDELIC NATURE,ENERO,BEBES-MASCULINO,MODA,BUZO,NO LINEA,24,Resultado,127 ,14 ,11.02 
01.2018,Tiendas Propias,PSYCHEDELIC NATURE,ENERO,BEBES-MASCULINO,MODA,BUZO,NO LINEA,2T,4113749,146 ,26 ,17.81 
01.2018,Tiendas Propias,PSYCHEDELIC NATURE,ENERO,BEBES-MASCULINO,MODA,BUZO,NO LINEA,2T,4113750,5 ,3 ,60.00 
01.2018,Tiendas Propias,PSYCHEDELIC NATURE,ENERO,BEBES-MASCULINO,MODA,BUZO,NO LINEA,2T,Resultado,151 ,29 ,19.21 
01.2018,Tiendas Propias,PSYCHEDELIC NATURE,ENERO,BEBES-MASCULINO,MODA,BUZO,NO LINEA,3T,4113749,158 ,21 ,13.29 
01.2018,Tiendas Propias,PSYCHEDELIC NATURE,ENERO,BEBES-MASCULINO,MODA,BUZO,NO LINEA,3T,4113750,6 ,2 ,33.33 
01.2018,Tiendas Propias,PSYCHEDELIC NATURE,ENERO,BEBES-MASCULINO,MODA,BUZO,NO LINEA,3T,Resultado,164 ,23 ,14.02 
01.2018,Tiendas Propias,PSYCHEDELIC NATURE,ENERO,BEBES-MASCULINO,MODA,BUZO,NO LINEA,4T,4113749,147 ,26 ,17.69 
01.2018,Tiendas Propias,PSYCHEDELIC NATURE,ENERO,BEBES-MASCULINO,MODA,BUZO,NO LINEA,4T,4113750,5 ,5 ,100.00 
01.2018,Tiendas Propias,PSYCHEDELIC NATURE,ENERO,BEBES-MASCULINO,MODA,BUZO,NO LINEA,4T,Resultado,152 ,31 ,20.39 
01.2018,Tiendas Propias,PSYCHEDELIC NATURE,ENERO,BEBES-MASCULINO,MODA,BUZO,NO LINEA,5T,4113749,92 ,19 ,20.65 
01.2018,Tiendas Propias,PSYCHEDELIC NATURE,ENERO,BEBES-MASCULINO,MODA,BUZO,NO LINEA,5T,4113750,5 ,4 ,80.00 
01.2018,Tiendas Propias,PSYCHEDELIC NATURE,ENERO,BEBES-MASCULINO,MODA,BUZO,NO LINEA,5T,Resultado,97 ,23 ,23.71 
01.2018,Tiendas Propias,PSYCHEDELIC NATURE,ENERO,BEBES-MASCULINO,MODA,CAMISETA MANGA CORTA,NO LINEA,12,4123904,82 ,16 ,19.51 
01.2018,Tiendas Propias,PSYCHEDELIC NATURE,ENERO,BEBES-MASCULINO,MODA,CAMISETA MANGA CORTA,NO LINEA,12,4123906,8 ,0 ,
01.2018,Tiendas Propias,PSYCHEDELIC NATURE,ENERO,BEBES-MASCULINO,MODA,CAMISETA MANGA CORTA,NO LINEA,12,Resultado,90 ,16 ,17.78 
01.2018,Tiendas Propias,PSYCHEDELIC NATURE,ENERO,BEBES-MASCULINO,MODA,CAMISETA MANGA CORTA,NO LINEA,18,4123904,88 ,30 ,34.09 
01.2018,Tiendas Propias,PSYCHEDELIC NATURE,ENERO,BEBES-MASCULINO,MODA,CAMISETA MANGA CORTA,NO LINEA,18,4123906,13 ,3 ,23.08 
01.2018,Tiendas Propias,PSYCHEDELIC NATURE,ENERO,BEBES-MASCULINO,MODA,CAMISETA MANGA CORTA,NO LINEA,18,Resultado,101 ,33 ,32.67 
01.2018,Tiendas Propias,PSYCHEDELIC NATURE,ENERO,BEBES-MASCULINO,MODA,CAMISETA MANGA CORTA,NO LINEA,24,4123904,211 ,59 ,27.96 
01.2018,Tiendas Propias,PSYCHEDELIC NATURE,ENERO,BEBES-MASCULINO,MODA,CAMISETA MANGA CORTA,NO LINEA,24,4123906,16 ,11 ,68.75 
01.2018,Tiendas Propias,PSYCHEDELIC NATURE,ENERO,BEBES-MASCULINO,MODA,CAMISETA MANGA CORTA,NO LINEA,24,Resultado,227 ,70 ,30.84 
01.2018,Tiendas Propias,PSYCHEDELIC NATURE,ENERO,BEBES-MASCULINO,MODA,CAMISETA MANGA CORTA,NO LINEA,2T,4123904,387 ,114 ,29.46 
01.2018,Tiendas Propias,PSYCHEDELIC NATURE,ENERO,BEBES-MASCULINO,MODA,CAMISETA MANGA CORTA,NO LINEA,2T,4123906,23 ,21 ,91.30 
01.2018,Tiendas Propias,PSYCHEDELIC NATURE,ENERO,BEBES-MASCULINO,MODA,CAMISETA MANGA CORTA,NO LINEA,2T,Resultado,410 ,135 ,32.93 
01.2018,Tiendas Propias,PSYCHEDELIC NATURE,ENERO,BEBES-MASCULINO,MODA,CAMISETA MANGA CORTA,NO LINEA,3T,4123904,390 ,151 ,38.72 
01.2018,Tiendas Propias,PSYCHEDELIC NATURE,ENERO,BEBES-MASCULINO,MODA,CAMISETA MANGA CORTA,NO LINEA,3T,4123906,26 ,16 ,61.54 
01.2018,Tiendas Propias,PSYCHEDELIC NATURE,ENERO,BEBES-MASCULINO,MODA,CAMISETA MANGA CORTA,NO LINEA,3T,Resultado,416 ,167 ,40.14 
01.2018,Tiendas Propias,PSYCHEDELIC NATURE,ENERO,BEBES-MASCULINO,MODA,CAMISETA MANGA CORTA,NO LINEA,4T,4123904,313 ,93 ,29.71 
01.2018,Tiendas Propias,PSYCHEDELIC NATURE,ENERO,BEBES-MASCULINO,MODA,CAMISETA MANGA CORTA,NO LINEA,4T,Resultado,337 ,119 ,35.31 
01.2018,Tiendas Propias,PSYCHEDELIC NATURE,ENERO,BEBES-MASCULINO,MODA,CAMISETA MANGA CORTA,NO LINEA,5T,4123904,212 ,72 ,33.96 
01.2018,Tiendas Propias,PSYCHEDELIC NATURE,ENERO,BEBES-MASCULINO,MODA,CAMISETA MANGA CORTA,NO LINEA,5T,4123906,18 ,15 ,83.33 
01.2018,Tiendas Propias,PSYCHEDELIC NATURE,ENERO,BEBES-MASCULINO,MODA,CAMISETA MANGA CORTA,NO LINEA,5T,Resultado,230 ,87 ,37.83 
01.2018,Tiendas Propias,PSYCHEDELIC NATURE,ENERO,BEBES-MASCULINO,MODA,CAMISETA MANGA LARGA,NO LINEA,12,4123905,58 ,7 ,12.07 
01.2018,Tiendas Propias,PSYCHEDELIC NATURE,ENERO,BEBES-MASCULINO,MODA,CAMISETA MANGA LARGA,NO LINEA,18,4123905,62 ,13 ,20.97 
01.2018,Tiendas Propias,PSYCHEDELIC NATURE,ENERO,BEBES-MASCULINO,MODA,CAMISETA MANGA LARGA,NO LINEA,24,4123905,106 ,21 ,19.81 
01.2018,Tiendas Propias,PSYCHEDELIC NATURE,ENERO,BEBES-MASCULINO,MODA,CAMISETA MANGA LARGA,NO LINEA,2T,4123905,140 ,52 ,37.14 
01.2018,Tiendas Propias,PSYCHEDELIC NATURE,ENERO,BEBES-MASCULINO,MODA,CAMISETA MANGA LARGA,NO LINEA,3T,4123905,184 ,67 ,36.41 
01.2018,Tiendas Propias,PSYCHEDELIC NATURE,ENERO,BEBES-MASCULINO,MODA,CAMISETA MANGA LARGA,NO LINEA,4T,4123905,108 ,60 ,55.56 
01.2018,Tiendas Propias,PSYCHEDELIC NATURE,ENERO,BEBES-MASCULINO,MODA,CAMISETA MANGA LARGA,NO LINEA,5T,4123905,85 ,53 ,62.35 
01.2018,Tiendas Propias,PSYCHEDELIC NATURE,ENERO,BEBES-MASCULINO,MODA,PANTALON,NO LINEA,12,4126162,88 ,9 ,10.23 
01.2018,Tiendas Propias,PSYCHEDELIC NATURE,ENERO,BEBES-MASCULINO,MODA,PANTALON,NO LINEA,18,4126162,161 ,21 ,13.04 
01.2018,Tiendas Propias,PSYCHEDELIC NATURE,ENERO,BEBES-MASCULINO,MODA,PANTALON,NO LINEA,24,4126162,207 ,34 ,16.43 
01.2018,Tiendas Propias,PSYCHEDELIC NATURE,ENERO,BEBES-MASCULINO,MODA,PANTALON,NO LINEA,2T,4126162,246 ,39 ,15.85 
01.2018,Tiendas Propias,PSYCHEDELIC NATURE,ENERO,BEBES-MASCULINO,MODA,PANTALON,NO LINEA,3T,4126162,276 ,67 ,24.28 
01.2018,Tiendas Propias,PSYCHEDELIC NATURE,ENERO,BEBES-MASCULINO,MODA,PANTALON,NO LINEA,4T,4126162,185 ,49 ,26.49 
01.2018,Tiendas Propias,PSYCHEDELIC NATURE,ENERO,BEBES-MASCULINO,MODA,PANTALON,NO LINEA,5T,4126162,176 ,41 ,23.30 
01.2018,Tiendas Propias,PSYCHEDELIC NATURE,ENERO,NIÑOS-FEMENINO,MODA,CAMISETA MANGA CORTA,NO LINEA,10,5233872,221 ,144 ,65.16 
01.2018,Tiendas Propias,PSYCHEDELIC NATURE,ENERO,NIÑOS-FEMENINO,MODA,CAMISETA MANGA CORTA,NO LINEA,10,5233873,18 ,16 ,88.89 
01.2018,Tiendas Propias,PSYCHEDELIC NATURE,ENERO,NIÑOS-FEMENINO,MODA,CAMISETA MANGA CORTA,NO LINEA,10,Resultado,239 ,160 ,66.95 
01.2018,Tiendas Propias,PSYCHEDELIC NATURE,ENERO,NIÑOS-FEMENINO,MODA,CAMISETA MANGA CORTA,NO LINEA,12,5233872,221 ,128 ,57.92 
01.2018,Tiendas Propias,PSYCHEDELIC NATURE,ENERO,NIÑOS-FEMENINO,MODA,CAMISETA MANGA CORTA,NO LINEA,12,5233873,18 ,18 ,100.00 
01.2018,Tiendas Propias,PSYCHEDELIC NATURE,ENERO,NIÑOS-FEMENINO,MODA,CAMISETA MANGA CORTA,NO LINEA,12,Resultado,239 ,146 ,61.09 
01.2018,Tiendas Propias,PSYCHEDELIC NATURE,ENERO,NIÑOS-FEMENINO,MODA,CAMISETA MANGA CORTA,NO LINEA,14,5233872,163 ,100 ,61.35 
01.2018,Tiendas Propias,PSYCHEDELIC NATURE,ENERO,NIÑOS-FEMENINO,MODA,CAMISETA MANGA CORTA,NO LINEA,14,5233873,13 ,12 ,92.31 
01.2018,Tiendas Propias,PSYCHEDELIC NATURE,ENERO,NIÑOS-FEMENINO,MODA,CAMISETA MANGA CORTA,NO LINEA,14,Resultado,176 ,112 ,63.64 
01.2018,Tiendas Propias,PSYCHEDELIC NATURE,ENERO,NIÑOS-FEMENINO,MODA,CAMISETA MANGA CORTA,NO LINEA,16,5233872,160 ,82 ,51.25 
01.2018,Tiendas Propias,PSYCHEDELIC NATURE,ENERO,NIÑOS-FEMENINO,MODA,CAMISETA MANGA CORTA,NO LINEA,16,Resultado,171 ,98 ,57.31 
01.2018,Tiendas Propias,PSYCHEDELIC NATURE,ENERO,NIÑOS-FEMENINO,MODA,CAMISETA MANGA CORTA,NO LINEA,4,5233872,120 ,27 ,22.50 
01.2018,Tiendas Propias,PSYCHEDELIC NATURE,ENERO,NIÑOS-FEMENINO,MODA,CAMISETA MANGA CORTA,NO LINEA,4,Resultado,124 ,33 ,26.61 
01.2018,Tiendas Propias,PSYCHEDELIC NATURE,ENERO,NIÑOS-FEMENINO,MODA,CAMISETA MANGA CORTA,NO LINEA,6,5233872,130 ,77 ,59.23 
01.2018,Tiendas Propias,PSYCHEDELIC NATURE,ENERO,NIÑOS-FEMENINO,MODA,CAMISETA MANGA CORTA,NO LINEA,6,Resultado,141 ,91 ,64.54 
01.2018,Tiendas Propias,PSYCHEDELIC NATURE,ENERO,NIÑOS-FEMENINO,MODA,CAMISETA MANGA CORTA,NO LINEA,8,5233872,218 ,128 ,58.72 
01.2018,Tiendas Propias,PSYCHEDELIC NATURE,ENERO,NIÑOS-FEMENINO,MODA,CAMISETA MANGA CORTA,NO LINEA,8,Resultado,234 ,146 ,62.39 
01.2018,Tiendas Propias,PSYCHEDELIC NATURE,ENERO,NIÑOS-FEMENINO,MODA,CHAQUETA,NO LINEA,10,5253069,394 ,58 ,14.72 
01.2018,Tiendas Propias,PSYCHEDELIC NATURE,ENERO,NIÑOS-FEMENINO,MODA,CHAQUETA,NO LINEA,12,5253069,394 ,54 ,13.71 
01.2018,Tiendas Propias,PSYCHEDELIC NATURE,ENERO,NIÑOS-FEMENINO,MODA,CHAQUETA,NO LINEA,14,5253069,200 ,68 ,34.00 
01.2018,Tiendas Propias,PSYCHEDELIC NATURE,ENERO,NIÑOS-FEMENINO,MODA,CHAQUETA,NO LINEA,16,5253069,200 ,63 ,31.50 
01.2018,Tiendas Propias,PSYCHEDELIC NATURE,ENERO,NIÑOS-FEMENINO,MODA,CHAQUETA,NO LINEA,4,5253069,194 ,7 ,3.61 
01.2018,Tiendas Propias,PSYCHEDELIC NATURE,ENERO,NIÑOS-FEMENINO,MODA,CHAQUETA,NO LINEA,6,5253069,196 ,51 ,26.02 
01.2018,Tiendas Propias,PSYCHEDELIC NATURE,ENERO,NIÑOS-FEMENINO,MODA,CHAQUETA,NO LINEA,8,5253069,248 ,61 ,24.60 
01.2018,Tiendas Propias,PSYCHEDELIC NATURE,ENERO,NIÑOS-FEMENINO,MODA,ENTERIZO LARGO,NO LINEA,10,5208192,100 ,30 ,30.00 
01.2018,Tiendas Propias,PSYCHEDELIC NATURE,ENERO,NIÑOS-FEMENINO,MODA,ENTERIZO LARGO,NO LINEA,12,5208192,98 ,29 ,29.59 
01.2018,Tiendas Propias,PSYCHEDELIC NATURE,ENERO,NIÑOS-FEMENINO,MODA,ENTERIZO LARGO,NO LINEA,14,5208192,50 ,18 ,36.00 
01.2018,Tiendas Propias,PSYCHEDELIC NATURE,ENERO,NIÑOS-FEMENINO,MODA,ENTERIZO LARGO,NO LINEA,16,5208192,50 ,14 ,28.00 
01.2018,Tiendas Propias,PSYCHEDELIC NATURE,ENERO,NIÑOS-FEMENINO,MODA,ENTERIZO LARGO,NO LINEA,4,5208192,50 ,5 ,10.00 
01.2018,Tiendas Propias,PSYCHEDELIC NATURE,ENERO,NIÑOS-FEMENINO,MODA,ENTERIZO LARGO,NO LINEA,6,5208192,98 ,14 ,14.29 
01.2018,Tiendas Propias,PSYCHEDELIC NATURE,ENERO,NIÑOS-FEMENINO,MODA,ENTERIZO LARGO,NO LINEA,8,5208192,100 ,25 ,25.00 
01.2018,Tiendas Propias,PSYCHEDELIC NATURE,ENERO,NIÑOS-FEMENINO,MODA,SHORT,NO LINEA,10,5205415,93 ,54 ,58.06 
01.2018,Tiendas Propias,PSYCHEDELIC NATURE,ENERO,NIÑOS-FEMENINO,MODA,SHORT,NO LINEA,12,5205415,93 ,52 ,55.91 
01.2018,Tiendas Propias,PSYCHEDELIC NATURE,ENERO,NIÑOS-FEMENINO,MODA,SHORT,NO LINEA,14,5205415,66 ,46 ,69.70 
01.2018,Tiendas Propias,PSYCHEDELIC NATURE,ENERO,NIÑOS-FEMENINO,MODA,SHORT,NO LINEA,16,5205415,64 ,42 ,65.63 
01.2018,Tiendas Propias,PSYCHEDELIC NATURE,ENERO,NIÑOS-FEMENINO,MODA,SHORT,NO LINEA,4,5205415,34 ,8 ,23.53 
01.2018,Tiendas Propias,PSYCHEDELIC NATURE,ENERO,NIÑOS-FEMENINO,MODA,SHORT,NO LINEA,6,5205415,59 ,36 ,61.02 
01.2018,Tiendas Propias,PSYCHEDELIC NATURE,ENERO,NIÑOS-FEMENINO,MODA,SHORT,NO LINEA,8,5205415,84 ,50 ,59.52 
01.2018,Tiendas Propias,PSYCHEDELIC NATURE,ENERO,NIÑOS-FEMENINO,MODA,SUDADERA,NO LINEA,10,5226746,398 ,88 ,22.11 
01.2018,Tiendas Propias,PSYCHEDELIC NATURE,ENERO,NIÑOS-FEMENINO,MODA,SUDADERA,NO LINEA,10,5226747,6 ,0 ,
01.2018,Tiendas Propias,PSYCHEDELIC NATURE,ENERO,NIÑOS-FEMENINO,MODA,SUDADERA,NO LINEA,10,Resultado,404 ,88 ,21.78 
01.2018,Tiendas Propias,PSYCHEDELIC NATURE,ENERO,NIÑOS-FEMENINO,MODA,SUDADERA,NO LINEA,12,5226746,397 ,100 ,25.19 
01.2018,Tiendas Propias,PSYCHEDELIC NATURE,ENERO,NIÑOS-FEMENINO,MODA,SUDADERA,NO LINEA,12,5226747,6 ,1 ,16.67 
01.2018,Tiendas Propias,PSYCHEDELIC NATURE,ENERO,NIÑOS-FEMENINO,MODA,SUDADERA,NO LINEA,12,Resultado,403 ,101 ,25.06 
01.2018,Tiendas Propias,PSYCHEDELIC NATURE,ENERO,NIÑOS-FEMENINO,MODA,SUDADERA,NO LINEA,14,5226746,201 ,72 ,35.82 
01.2018,Tiendas Propias,PSYCHEDELIC NATURE,ENERO,NIÑOS-FEMENINO,MODA,SUDADERA,NO LINEA,14,Resultado,205 ,72 ,35.12 
01.2018,Tiendas Propias,PSYCHEDELIC NATURE,ENERO,NIÑOS-FEMENINO,MODA,SUDADERA,NO LINEA,16,5226746,199 ,63 ,31.66 
01.2018,Tiendas Propias,PSYCHEDELIC NATURE,ENERO,NIÑOS-FEMENINO,MODA,SUDADERA,NO LINEA,16,5226747,3 ,2 ,66.67 
01.2018,Tiendas Propias,PSYCHEDELIC NATURE,ENERO,NIÑOS-FEMENINO,MODA,SUDADERA,NO LINEA,16,Resultado,202 ,65 ,32.18 
01.2018,Tiendas Propias,PSYCHEDELIC NATURE,ENERO,NIÑOS-FEMENINO,MODA,SUDADERA,NO LINEA,4,5226746,196 ,39 ,19.90 
01.2018,Tiendas Propias,PSYCHEDELIC NATURE,ENERO,NIÑOS-FEMENINO,MODA,SUDADERA,NO LINEA,4,5226747,2 ,0 ,
01.2018,Tiendas Propias,PSYCHEDELIC NATURE,ENERO,NIÑOS-FEMENINO,MODA,SUDADERA,NO LINEA,4,Resultado,198 ,39 ,19.70 
01.2018,Tiendas Propias,PSYCHEDELIC NATURE,ENERO,NIÑOS-FEMENINO,MODA,SUDADERA,NO LINEA,6,5226746,202 ,97 ,48.02 
01.2018,Tiendas Propias,PSYCHEDELIC NATURE,ENERO,NIÑOS-FEMENINO,MODA,SUDADERA,NO LINEA,6,5226747,4 ,0 ,
01.2018,Tiendas Propias,PSYCHEDELIC NATURE,ENERO,NIÑOS-FEMENINO,MODA,SUDADERA,NO LINEA,6,Resultado,206 ,97 ,47.09 
01.2018,Tiendas Propias,PSYCHEDELIC NATURE,ENERO,NIÑOS-FEMENINO,MODA,SUDADERA,NO LINEA,8,5226746,253 ,83 ,32.81 
01.2018,Tiendas Propias,PSYCHEDELIC NATURE,ENERO,NIÑOS-FEMENINO,MODA,SUDADERA,NO LINEA,8,5226747,6 ,0 ,
01.2018,Tiendas Propias,PSYCHEDELIC NATURE,ENERO,NIÑOS-FEMENINO,MODA,SUDADERA,NO LINEA,8,Resultado,259 ,83 ,32.05 
01.2018,Tiendas Propias,PSYCHEDELIC NATURE,ENERO,NIÑOS-FEMENINO,MODA,TENIS,NO LINEA,28,5210310,202 ,42 ,20.79 
01.2018,Tiendas Propias,PSYCHEDELIC NATURE,ENERO,NIÑOS-FEMENINO,MODA,TENIS,NO LINEA,29,5210310,102 ,29 ,28.43 
01.2018,Tiendas Propias,PSYCHEDELIC NATURE,ENERO,NIÑOS-FEMENINO,MODA,TENIS,NO LINEA,30,5210310,202 ,38 ,18.81 
01.2018,Tiendas Propias,PSYCHEDELIC NATURE,ENERO,NIÑOS-FEMENINO,MODA,TENIS,NO LINEA,31,5210310,102 ,28 ,27.45 
01.2018,Tiendas Propias,PSYCHEDELIC NATURE,ENERO,NIÑOS-FEMENINO,MODA,TENIS,NO LINEA,32,5210310,202 ,49 ,24.26 
01.2018,Tiendas Propias,PSYCHEDELIC NATURE,ENERO,NIÑOS-FEMENINO,MODA,TENIS,NO LINEA,33,5210310,104 ,36 ,34.62 
01.2018,Tiendas Propias,PSYCHEDELIC NATURE,ENERO,NIÑOS-FEMENINO,MODA,TENIS,NO LINEA,34,5210310,204 ,44 ,21.57 
01.2018,Tiendas Propias,PSYCHEDELIC NATURE,ENERO,NIÑOS-FEMENINO,MODA,TENIS,NO LINEA,35,5210310,164 ,36 ,21.95 
01.2018,Tiendas Propias,PSYCHEDELIC NATURE,ENERO,NIÑOS-FEMENINO,MODA,TENIS,NO LINEA,36,5210310,200 ,63 ,31.50 
01.2018,Tiendas Propias,PSYCHEDELIC NATURE,ENERO,NIÑOS-FEMENINO,MODA,TENIS,NO LINEA,37,5210310,98 ,51 ,52.04 
01.2018,Tiendas Propias,PSYCHEDELIC NATURE,ENERO,NIÑOS-FEMENINO,MODA,VESTIDO MANGA SISA,NO LINEA,10,5201562,90 ,49 ,54.44 
01.2018,Tiendas Propias,PSYCHEDELIC NATURE,ENERO,NIÑOS-FEMENINO,MODA,VESTIDO MANGA SISA,NO LINEA,12,5201562,88 ,55 ,62.50 
01.2018,Tiendas Propias,PSYCHEDELIC NATURE,ENERO,NIÑOS-FEMENINO,MODA,VESTIDO MANGA SISA,NO LINEA,14,5201562,56 ,29 ,51.79 
01.2018,Tiendas Propias,PSYCHEDELIC NATURE,ENERO,NIÑOS-FEMENINO,MODA,VESTIDO MANGA SISA,NO LINEA,16,5201562,54 ,33 ,61.11 
01.2018,Tiendas Propias,PSYCHEDELIC NATURE,ENERO,NIÑOS-FEMENINO,MODA,VESTIDO MANGA SISA,NO LINEA,4,5201562,14 ,3 ,21.43 
01.2018,Tiendas Propias,PSYCHEDELIC NATURE,ENERO,NIÑOS-FEMENINO,MODA,VESTIDO MANGA SISA,NO LINEA,6,5201562,43 ,24 ,55.81 
01.2018,Tiendas Propias,PSYCHEDELIC NATURE,ENERO,NIÑOS-FEMENINO,MODA,VESTIDO MANGA SISA,NO LINEA,8,5201562,90 ,55 ,61.11 
01.2018,Tiendas Propias,PSYCHEDELIC NATURE,ENERO,NIÑOS-MASCULINO,MODA,BERMUDA,NO LINEA,10,5105707,10 ,1 ,10.00 
01.2018,Tiendas Propias,PSYCHEDELIC NATURE,ENERO,NIÑOS-MASCULINO,MODA,BERMUDA,NO LINEA,10,5105708,149 ,54 ,36.24 
01.2018,Tiendas Propias,PSYCHEDELIC NATURE,ENERO,NIÑOS-MASCULINO,MODA,BERMUDA,NO LINEA,10,Resultado,159 ,55 ,34.59 
01.2018,Tiendas Propias,PSYCHEDELIC NATURE,ENERO,NIÑOS-MASCULINO,MODA,BERMUDA,NO LINEA,12,5105707,10 ,0 ,
01.2018,Tiendas Propias,PSYCHEDELIC NATURE,ENERO,NIÑOS-MASCULINO,MODA,BERMUDA,NO LINEA,12,5105708,149 ,43 ,28.86 
01.2018,Tiendas Propias,PSYCHEDELIC NATURE,ENERO,NIÑOS-MASCULINO,MODA,BERMUDA,NO LINEA,12,Resultado,159 ,43 ,27.04 
01.2018,Tiendas Propias,PSYCHEDELIC NATURE,ENERO,NIÑOS-MASCULINO,MODA,BERMUDA,NO LINEA,14,5105707,8 ,0 ,
01.2018,Tiendas Propias,PSYCHEDELIC NATURE,ENERO,NIÑOS-MASCULINO,MODA,BERMUDA,NO LINEA,14,5105708,79 ,43 ,54.43 
01.2018,Tiendas Propias,PSYCHEDELIC NATURE,ENERO,NIÑOS-MASCULINO,MODA,BERMUDA,NO LINEA,14,Resultado,87 ,43 ,49.43 
01.2018,Tiendas Propias,PSYCHEDELIC NATURE,ENERO,NIÑOS-MASCULINO,MODA,BERMUDA,NO LINEA,16,5105707,6 ,0 ,
01.2018,Tiendas Propias,PSYCHEDELIC NATURE,ENERO,NIÑOS-MASCULINO,MODA,BERMUDA,NO LINEA,16,5105708,76 ,59 ,77.63 
01.2018,Tiendas Propias,PSYCHEDELIC NATURE,ENERO,NIÑOS-MASCULINO,MODA,BERMUDA,NO LINEA,16,Resultado,82 ,59 ,71.95 
01.2018,Tiendas Propias,PSYCHEDELIC NATURE,ENERO,NIÑOS-MASCULINO,MODA,BERMUDA,NO LINEA,4,5105707,6 ,0 ,
01.2018,Tiendas Propias,PSYCHEDELIC NATURE,ENERO,NIÑOS-MASCULINO,MODA,BERMUDA,NO LINEA,4,5105708,76 ,21 ,27.63 
01.2018,Tiendas Propias,PSYCHEDELIC NATURE,ENERO,NIÑOS-MASCULINO,MODA,BERMUDA,NO LINEA,4,Resultado,82 ,21 ,25.61 
01.2018,Tiendas Propias,PSYCHEDELIC NATURE,ENERO,NIÑOS-MASCULINO,MODA,BERMUDA,NO LINEA,6,5105707,10 ,0 ,
01.2018,Tiendas Propias,PSYCHEDELIC NATURE,ENERO,NIÑOS-MASCULINO,MODA,BERMUDA,NO LINEA,6,5105708,149 ,55 ,36.91 
01.2018,Tiendas Propias,PSYCHEDELIC NATURE,ENERO,NIÑOS-MASCULINO,MODA,BERMUDA,NO LINEA,6,Resultado,159 ,55 ,34.59 
01.2018,Tiendas Propias,PSYCHEDELIC NATURE,ENERO,NIÑOS-MASCULINO,MODA,BERMUDA,NO LINEA,8,5105707,10 ,0 ,
01.2018,Tiendas Propias,PSYCHEDELIC NATURE,ENERO,NIÑOS-MASCULINO,MODA,BERMUDA,NO LINEA,8,5105708,149 ,47 ,31.54 
01.2018,Tiendas Propias,PSYCHEDELIC NATURE,ENERO,NIÑOS-MASCULINO,MODA,BERMUDA,NO LINEA,8,Resultado,159 ,47 ,29.56 
01.2018,Tiendas Propias,PSYCHEDELIC NATURE,ENERO,NIÑOS-MASCULINO,MODA,CAMISETA MANGA CORTA,NO LINEA,10,5133439,21 ,10 ,47.62 
01.2018,Tiendas Propias,PSYCHEDELIC NATURE,ENERO,NIÑOS-MASCULINO,MODA,CAMISETA MANGA CORTA,NO LINEA,10,5133441,440 ,113 ,25.68 
01.2018,Tiendas Propias,PSYCHEDELIC NATURE,ENERO,NIÑOS-MASCULINO,MODA,CAMISETA MANGA CORTA,NO LINEA,10,Resultado,461 ,123 ,26.68 
01.2018,Tiendas Propias,PSYCHEDELIC NATURE,ENERO,NIÑOS-MASCULINO,MODA,CAMISETA MANGA CORTA,NO LINEA,12,5133439,21 ,10 ,47.62 
01.2018,Tiendas Propias,PSYCHEDELIC NATURE,ENERO,NIÑOS-MASCULINO,MODA,CAMISETA MANGA CORTA,NO LINEA,12,5133441,440 ,123 ,27.95 
01.2018,Tiendas Propias,PSYCHEDELIC NATURE,ENERO,NIÑOS-MASCULINO,MODA,CAMISETA MANGA CORTA,NO LINEA,12,Resultado,461 ,133 ,28.85 
01.2018,Tiendas Propias,PSYCHEDELIC NATURE,ENERO,NIÑOS-MASCULINO,MODA,CAMISETA MANGA CORTA,NO LINEA,14,5133439,15 ,8 ,53.33 
01.2018,Tiendas Propias,PSYCHEDELIC NATURE,ENERO,NIÑOS-MASCULINO,MODA,CAMISETA MANGA CORTA,NO LINEA,14,5133441,239 ,108 ,45.19 
01.2018,Tiendas Propias,PSYCHEDELIC NATURE,ENERO,NIÑOS-MASCULINO,MODA,CAMISETA MANGA CORTA,NO LINEA,14,Resultado,254 ,116 ,45.67 
01.2018,Tiendas Propias,PSYCHEDELIC NATURE,ENERO,NIÑOS-MASCULINO,MODA,CAMISETA MANGA CORTA,NO LINEA,16,5133439,12 ,10 ,83.33 
01.2018,Tiendas Propias,PSYCHEDELIC NATURE,ENERO,NIÑOS-MASCULINO,MODA,CAMISETA MANGA CORTA,NO LINEA,16,5133441,236 ,89 ,37.71 
01.2018,Tiendas Propias,PSYCHEDELIC NATURE,ENERO,NIÑOS-MASCULINO,MODA,CAMISETA MANGA CORTA,NO LINEA,16,Resultado,248 ,99 ,39.92 
01.2018,Tiendas Propias,PSYCHEDELIC NATURE,ENERO,NIÑOS-MASCULINO,MODA,CAMISETA MANGA CORTA,NO LINEA,4,5133439,9 ,4 ,44.44 
01.2018,Tiendas Propias,PSYCHEDELIC NATURE,ENERO,NIÑOS-MASCULINO,MODA,CAMISETA MANGA CORTA,NO LINEA,4,5133441,115 ,30 ,26.09 
01.2018,Tiendas Propias,PSYCHEDELIC NATURE,ENERO,NIÑOS-MASCULINO,MODA,CAMISETA MANGA CORTA,NO LINEA,4,Resultado,124 ,34 ,27.42 
01.2018,Tiendas Propias,PSYCHEDELIC NATURE,ENERO,NIÑOS-MASCULINO,MODA,CAMISETA MANGA CORTA,NO LINEA,6,5133439,19 ,5 ,26.32 
01.2018,Tiendas Propias,PSYCHEDELIC NATURE,ENERO,NIÑOS-MASCULINO,MODA,CAMISETA MANGA CORTA,NO LINEA,6,5133441,219 ,90 ,41.10 
01.2018,Tiendas Propias,PSYCHEDELIC NATURE,ENERO,NIÑOS-MASCULINO,MODA,CAMISETA MANGA CORTA,NO LINEA,6,Resultado,238 ,95 ,39.92 
01.2018,Tiendas Propias,PSYCHEDELIC NATURE,ENERO,NIÑOS-MASCULINO,MODA,CAMISETA MANGA CORTA,NO LINEA,8,5133439,21 ,12 ,57.14 
01.2018,Tiendas Propias,PSYCHEDELIC NATURE,ENERO,NIÑOS-MASCULINO,MODA,CAMISETA MANGA CORTA,NO LINEA,8,5133441,335 ,105 ,31.34 
01.2018,Tiendas Propias,PSYCHEDELIC NATURE,ENERO,NIÑOS-MASCULINO,MODA,CAMISETA MANGA CORTA,NO LINEA,8,Resultado,356 ,117 ,32.87 
01.2018,Tiendas Propias,PSYCHEDELIC NATURE,ENERO,NIÑOS-MASCULINO,MODA,CAMISETA MANGA LARGA,NO LINEA,10,5133438,136 ,31 ,22.79 
01.2018,Tiendas Propias,PSYCHEDELIC NATURE,ENERO,NIÑOS-MASCULINO,MODA,CAMISETA MANGA LARGA,NO LINEA,12,5133438,135 ,37 ,27.41 
01.2018,Tiendas Propias,PSYCHEDELIC NATURE,ENERO,NIÑOS-MASCULINO,MODA,CAMISETA MANGA LARGA,NO LINEA,14,5133438,74 ,29 ,39.19 
01.2018,Tiendas Propias,PSYCHEDELIC NATURE,ENERO,NIÑOS-MASCULINO,MODA,CAMISETA MANGA LARGA,NO LINEA,16,5133438,72 ,17 ,23.61 
01.2018,Tiendas Propias,PSYCHEDELIC NATURE,ENERO,NIÑOS-MASCULINO,MODA,CAMISETA MANGA LARGA,NO LINEA,4,5133438,62 ,5 ,8.06 
01.2018,Tiendas Propias,PSYCHEDELIC NATURE,ENERO,NIÑOS-MASCULINO,MODA,CAMISETA MANGA LARGA,NO LINEA,6,5133438,76 ,31 ,40.79 
01.2018,Tiendas Propias,PSYCHEDELIC NATURE,ENERO,NIÑOS-MASCULINO,MODA,CAMISETA MANGA LARGA,NO LINEA,8,5133438,136 ,19 ,13.97 
01.2018,Tiendas Propias,PSYCHEDELIC NATURE,ENERO,NIÑOS-MASCULINO,MODA,CHAQUETA,NO LINEA,10,5113879,155 ,24 ,15.48 
01.2018,Tiendas Propias,PSYCHEDELIC NATURE,ENERO,NIÑOS-MASCULINO,MODA,CHAQUETA,NO LINEA,12,5113879,155 ,33 ,21.29 
01.2018,Tiendas Propias,PSYCHEDELIC NATURE,ENERO,NIÑOS-MASCULINO,MODA,CHAQUETA,NO LINEA,14,5113879,74 ,24 ,32.43 
01.2018,Tiendas Propias,PSYCHEDELIC NATURE,ENERO,NIÑOS-MASCULINO,MODA,CHAQUETA,NO LINEA,16,5113879,72 ,19 ,26.39 
01.2018,Tiendas Propias,PSYCHEDELIC NATURE,ENERO,NIÑOS-MASCULINO,MODA,CHAQUETA,NO LINEA,4,5113879,68 ,8 ,11.76 
01.2018,Tiendas Propias,PSYCHEDELIC NATURE,ENERO,NIÑOS-MASCULINO,MODA,CHAQUETA,NO LINEA,6,5113879,72 ,28 ,38.89 
01.2018,Tiendas Propias,PSYCHEDELIC NATURE,ENERO,NIÑOS-MASCULINO,MODA,CHAQUETA,NO LINEA,8,5113879,140 ,36 ,25.71 
01.2018,Tiendas Propias,PSYCHEDELIC NATURE,ENERO,NIÑOS-MASCULINO,MODA,SUDADERA,NO LINEA,10,5126695,208 ,75 ,36.06 
01.2018,Tiendas Propias,PSYCHEDELIC NATURE,ENERO,NIÑOS-MASCULINO,MODA,SUDADERA,NO LINEA,12,5126695,206 ,102 ,49.51 
01.2018,Tiendas Propias,PSYCHEDELIC NATURE,ENERO,NIÑOS-MASCULINO,MODA,SUDADERA,NO LINEA,14,5126695,106 ,63 ,59.43 
01.2018,Tiendas Propias,PSYCHEDELIC NATURE,ENERO,NIÑOS-MASCULINO,MODA,SUDADERA,NO LINEA,16,5126695,102 ,50 ,49.02 
01.2018,Tiendas Propias,PSYCHEDELIC NATURE,ENERO,NIÑOS-MASCULINO,MODA,SUDADERA,NO LINEA,4,5126695,102 ,23 ,22.55 
01.2018,Tiendas Propias,PSYCHEDELIC NATURE,ENERO,NIÑOS-MASCULINO,MODA,SUDADERA,NO LINEA,6,5126695,204 ,69 ,33.82 
01.2018,Tiendas Propias,PSYCHEDELIC NATURE,ENERO,NIÑOS-MASCULINO,MODA,SUDADERA,NO LINEA,8,5126695,206 ,76 ,36.89 
01.2018,Tiendas Propias,PSYCHEDELIC NATURE,ENERO,PRIMI-FEMENINO,MODA,BUZO,NO LINEA,0/3,3213298,66 ,4 ,6.06 
01.2018,Tiendas Propias,PSYCHEDELIC NATURE,ENERO,PRIMI-FEMENINO,MODA,BUZO,NO LINEA,12,3213298,68 ,9 ,13.24 
01.2018,Tiendas Propias,PSYCHEDELIC NATURE,ENERO,PRIMI-FEMENINO,MODA,BUZO,NO LINEA,18,3213298,68 ,6 ,8.82 
01.2018,Tiendas Propias,PSYCHEDELIC NATURE,ENERO,PRIMI-FEMENINO,MODA,BUZO,NO LINEA,3/6,3213298,104 ,9 ,8.65 
01.2018,Tiendas Propias,PSYCHEDELIC NATURE,ENERO,PRIMI-FEMENINO,MODA,BUZO,NO LINEA,6/9,3213298,103 ,14 ,13.59 
01.2018,Tiendas Propias,PSYCHEDELIC NATURE,ENERO,PRIMI-FEMENINO,MODA,CAMISETA MANGA LARGA,NO LINEA,0/3,3203324,78 ,8 ,10.26 
01.2018,Tiendas Propias,PSYCHEDELIC NATURE,ENERO,PRIMI-FEMENINO,MODA,CAMISETA MANGA LARGA,NO LINEA,12,3203324,80 ,10 ,12.50 
01.2018,Tiendas Propias,PSYCHEDELIC NATURE,ENERO,PRIMI-FEMENINO,MODA,CAMISETA MANGA LARGA,NO LINEA,18,3203324,80 ,5 ,6.25 
01.2018,Tiendas Propias,PSYCHEDELIC NATURE,ENERO,PRIMI-FEMENINO,MODA,CAMISETA MANGA LARGA,NO LINEA,3/6,3203324,82 ,6 ,7.32 
01.2018,Tiendas Propias,PSYCHEDELIC NATURE,ENERO,PRIMI-FEMENINO,MODA,CAMISETA MANGA LARGA,NO LINEA,6/9,3203324,80 ,7 ,8.75 
01.2018,Tiendas Propias,PSYCHEDELIC NATURE,ENERO,PRIMI-FEMENINO,MODA,CONJUNTO CORTO,NO LINEA,0/3,3201571,72 ,19 ,26.39 
01.2018,Tiendas Propias,PSYCHEDELIC NATURE,ENERO,PRIMI-FEMENINO,MODA,CONJUNTO CORTO,NO LINEA,0/3,3212299,50 ,13 ,26.00 
01.2018,Tiendas Propias,PSYCHEDELIC NATURE,ENERO,PRIMI-FEMENINO,MODA,CONJUNTO CORTO,NO LINEA,0/3,Resultado,122 ,32 ,26.23 
01.2018,Tiendas Propias,PSYCHEDELIC NATURE,ENERO,PRIMI-FEMENINO,MODA,CONJUNTO CORTO,NO LINEA,12,3201571,108 ,30 ,27.78 
01.2018,Tiendas Propias,PSYCHEDELIC NATURE,ENERO,PRIMI-FEMENINO,MODA,CONJUNTO CORTO,NO LINEA,12,3212299,62 ,23 ,37.10 
01.2018,Tiendas Propias,PSYCHEDELIC NATURE,ENERO,PRIMI-FEMENINO,MODA,CONJUNTO CORTO,NO LINEA,12,Resultado,170 ,53 ,31.18 
01.2018,Tiendas Propias,PSYCHEDELIC NATURE,ENERO,PRIMI-FEMENINO,MODA,CONJUNTO CORTO,NO LINEA,18,3201571,106 ,35 ,33.02 
01.2018,Tiendas Propias,PSYCHEDELIC NATURE,ENERO,PRIMI-FEMENINO,MODA,CONJUNTO CORTO,NO LINEA,18,3212299,60 ,41 ,68.33 
01.2018,Tiendas Propias,PSYCHEDELIC NATURE,ENERO,PRIMI-FEMENINO,MODA,CONJUNTO CORTO,NO LINEA,18,Resultado,166 ,76 ,45.78 
01.2018,Tiendas Propias,PSYCHEDELIC NATURE,ENERO,PRIMI-FEMENINO,MODA,CONJUNTO CORTO,NO LINEA,3/6,3201571,148 ,22 ,14.86 
01.2018,Tiendas Propias,PSYCHEDELIC NATURE,ENERO,PRIMI-FEMENINO,MODA,CONJUNTO CORTO,NO LINEA,3/6,3212299,110 ,28 ,25.45 
01.2018,Tiendas Propias,PSYCHEDELIC NATURE,ENERO,PRIMI-FEMENINO,MODA,CONJUNTO CORTO,NO LINEA,3/6,Resultado,258 ,50 ,19.38 
01.2018,Tiendas Propias,PSYCHEDELIC NATURE,ENERO,PRIMI-FEMENINO,MODA,CONJUNTO CORTO,NO LINEA,6/9,3201571,108 ,23 ,21.30 
01.2018,Tiendas Propias,PSYCHEDELIC NATURE,ENERO,PRIMI-FEMENINO,MODA,CONJUNTO CORTO,NO LINEA,6/9,3212299,60 ,31 ,51.67 
01.2018,Tiendas Propias,PSYCHEDELIC NATURE,ENERO,PRIMI-FEMENINO,MODA,CONJUNTO CORTO,NO LINEA,6/9,Resultado,168 ,54 ,32.14 
01.2018,Tiendas Propias,PSYCHEDELIC NATURE,ENERO,PRIMI-FEMENINO,MODA,CONJUNTO LARGO,NO LINEA,0/3,3212300,56 ,11 ,19.64 
01.2018,Tiendas Propias,PSYCHEDELIC NATURE,ENERO,PRIMI-FEMENINO,MODA,CONJUNTO LARGO,NO LINEA,12,3212300,92 ,29 ,31.52 
01.2018,Tiendas Propias,PSYCHEDELIC NATURE,ENERO,PRIMI-FEMENINO,MODA,CONJUNTO LARGO,NO LINEA,18,3212300,86 ,30 ,34.88 
01.2018,Tiendas Propias,PSYCHEDELIC NATURE,ENERO,PRIMI-FEMENINO,MODA,CONJUNTO LARGO,NO LINEA,3/6,3212300,144 ,29 ,20.14 
01.2018,Tiendas Propias,PSYCHEDELIC NATURE,ENERO,PRIMI-FEMENINO,MODA,CONJUNTO LARGO,NO LINEA,6/9,3212300,88 ,35 ,39.77 
01.2018,Tiendas Propias,PSYCHEDELIC NATURE,ENERO,PRIMI-FEMENINO,MODA,TOBILLERA,NO LINEA,0/3,3219178,112 ,15 ,13.39 
01.2018,Tiendas Propias,PSYCHEDELIC NATURE,ENERO,PRIMI-FEMENINO,MODA,TOBILLERA,NO LINEA,3/6,3219178,206 ,23 ,11.17 
01.2018,Tiendas Propias,PSYCHEDELIC NATURE,ENERO,PRIMI-FEMENINO,MODA,TOBILLERA,NO LINEA,6/9,3219178,206 ,27 ,13.11 
01.2018,Tiendas Propias,PSYCHEDELIC NATURE,ENERO,PRIMI-FEMENINO,MODA,TOBILLERA,NO LINEA,9/12,3219178,208 ,22 ,10.58 
01.2018,Tiendas Propias,PSYCHEDELIC NATURE,ENERO,PRIMI-FEMENINO,MODA,ZAPATOS PRECAMINADOR,NO LINEA,17,3210261,146 ,36 ,24.66 
01.2018,Tiendas Propias,PSYCHEDELIC NATURE,ENERO,PRIMI-FEMENINO,MODA,ZAPATOS PRECAMINADOR,NO LINEA,18,3210261,114 ,27 ,23.68 
01.2018,Tiendas Propias,PSYCHEDELIC NATURE,ENERO,PRIMI-FEMENINO,MODA,ZAPATOS PRECAMINADOR,NO LINEA,19,3210261,114 ,53 ,46.49 
01.2018,Tiendas Propias,PSYCHEDELIC NATURE,ENERO,PRIMI-FEMENINO,MODA,ZAPATOS PRECAMINADOR,NO LINEA,20,3210261,100 ,51 ,51.00 
01.2018,Tiendas Propias,PSYCHEDELIC NATURE,ENERO,PRIMI-MASCULINO,MODA,BODY MANGA CORTA,NO LINEA,0/3,3111531,114 ,13 ,11.40 
01.2018,Tiendas Propias,PSYCHEDELIC NATURE,ENERO,PRIMI-MASCULINO,MODA,BODY MANGA CORTA,NO LINEA,12,3111531,110 ,12 ,10.91 
01.2018,Tiendas Propias,PSYCHEDELIC NATURE,ENERO,PRIMI-MASCULINO,MODA,BODY MANGA CORTA,NO LINEA,18,3111531,112 ,13 ,11.61 
01.2018,Tiendas Propias,PSYCHEDELIC NATURE,ENERO,PRIMI-MASCULINO,MODA,BODY MANGA CORTA,NO LINEA,3/6,3111531,150 ,12 ,8.00 
01.2018,Tiendas Propias,PSYCHEDELIC NATURE,ENERO,PRIMI-MASCULINO,MODA,BODY MANGA CORTA,NO LINEA,6/9,3111531,110 ,9 ,8.18 
01.2018,Tiendas Propias,PSYCHEDELIC NATURE,ENERO,PRIMI-MASCULINO,MODA,BUZO,NO LINEA,0/3,3113301,50 ,1 ,2.00 
01.2018,Tiendas Propias,PSYCHEDELIC NATURE,ENERO,PRIMI-MASCULINO,MODA,BUZO,NO LINEA,12,3113301,84 ,12 ,14.29 
01.2018,Tiendas Propias,PSYCHEDELIC NATURE,ENERO,PRIMI-MASCULINO,MODA,BUZO,NO LINEA,18,3113301,68 ,10 ,14.71 
01.2018,Tiendas Propias,PSYCHEDELIC NATURE,ENERO,PRIMI-MASCULINO,MODA,BUZO,NO LINEA,3/6,3113301,104 ,10 ,9.62 
01.2018,Tiendas Propias,PSYCHEDELIC NATURE,ENERO,PRIMI-MASCULINO,MODA,BUZO,NO LINEA,6/9,3113301,102 ,12 ,11.76 
01.2018,Tiendas Propias,PSYCHEDELIC NATURE,ENERO,PRIMI-MASCULINO,MODA,CAÑA CORTA,NO LINEA,0/3,3119150,210 ,37 ,17.62 
01.2018,Tiendas Propias,PSYCHEDELIC NATURE,ENERO,PRIMI-MASCULINO,MODA,CAÑA CORTA,NO LINEA,12,3119150,202 ,72 ,35.64 
01.2018,Tiendas Propias,PSYCHEDELIC NATURE,ENERO,PRIMI-MASCULINO,MODA,CAÑA CORTA,NO LINEA,3/6,3119150,208 ,22 ,10.58 
01.2018,Tiendas Propias,PSYCHEDELIC NATURE,ENERO,PRIMI-MASCULINO,MODA,CAÑA CORTA,NO LINEA,6/9,3119150,208 ,41 ,19.71 
01.2018,Tiendas Propias,PSYCHEDELIC NATURE,ENERO,PRIMI-MASCULINO,MODA,CONJUNTO CORTO,NO LINEA,0/3,3112330,46 ,13 ,28.26 
01.2018,Tiendas Propias,PSYCHEDELIC NATURE,ENERO,PRIMI-MASCULINO,MODA,CONJUNTO CORTO,NO LINEA,12,3112330,58 ,25 ,43.10 
01.2018,Tiendas Propias,PSYCHEDELIC NATURE,ENERO,PRIMI-MASCULINO,MODA,CONJUNTO CORTO,NO LINEA,18,3112330,56 ,13 ,23.21 
01.2018,Tiendas Propias,PSYCHEDELIC NATURE,ENERO,PRIMI-MASCULINO,MODA,CONJUNTO CORTO,NO LINEA,3/6,3112330,102 ,25 ,24.51 
01.2018,Tiendas Propias,PSYCHEDELIC NATURE,ENERO,PRIMI-MASCULINO,MODA,CONJUNTO CORTO,NO LINEA,6/9,3112330,56 ,9 ,16.07 
01.2018,Tiendas Propias,PSYCHEDELIC NATURE,ENERO,PRIMI-MASCULINO,MODA,CONJUNTO LARGO,NO LINEA,0/3,3112331,77 ,19 ,24.68 
01.2018,Tiendas Propias,PSYCHEDELIC NATURE,ENERO,PRIMI-MASCULINO,MODA,CONJUNTO LARGO,NO LINEA,12,3112331,111 ,27 ,24.32 
01.2018,Tiendas Propias,PSYCHEDELIC NATURE,ENERO,PRIMI-MASCULINO,MODA,CONJUNTO LARGO,NO LINEA,18,3112331,87 ,31 ,35.63 
01.2018,Tiendas Propias,PSYCHEDELIC NATURE,ENERO,PRIMI-MASCULINO,MODA,CONJUNTO LARGO,NO LINEA,3/6,3112331,166 ,29 ,17.47 
01.2018,Tiendas Propias,PSYCHEDELIC NATURE,ENERO,PRIMI-MASCULINO,MODA,CONJUNTO LARGO,NO LINEA,6/9,3112331,118 ,31 ,26.27 
01.2018,Tiendas Propias,PSYCHEDELIC NATURE,ENERO,PRIMI-MASCULINO,MODA,OVERALL LARGO,NO LINEA,0/3,3108187,6 ,0 ,
01.2018,Tiendas Propias,PSYCHEDELIC NATURE,ENERO,PRIMI-MASCULINO,MODA,OVERALL LARGO,NO LINEA,12,3108187,8 ,0 ,
01.2018,Tiendas Propias,PSYCHEDELIC NATURE,ENERO,PRIMI-MASCULINO,MODA,OVERALL LARGO,NO LINEA,18,3108187,8 ,0 ,
01.2018,Tiendas Propias,PSYCHEDELIC NATURE,ENERO,PRIMI-MASCULINO,MODA,OVERALL LARGO,NO LINEA,3/6,3108187,10 ,0 ,
01.2018,Tiendas Propias,PSYCHEDELIC NATURE,ENERO,PRIMI-MASCULINO,MODA,OVERALL LARGO,NO LINEA,6/9,3108187,8 ,0 ,
01.2018,Tiendas Propias,PSYCHEDELIC NATURE,ENERO,PRIMI-MASCULINO,MODA,ZAPATOS COSIDOS,NO LINEA,15,3110246,106 ,9 ,8.49 
01.2018,Tiendas Propias,PSYCHEDELIC NATURE,ENERO,PRIMI-MASCULINO,MODA,ZAPATOS COSIDOS,NO LINEA,16,3110246,106 ,8 ,7.55 
01.2018,Tiendas Propias,PSYCHEDELIC NATURE,ENERO,PRIMI-MASCULINO,MODA,ZAPATOS COSIDOS,NO LINEA,17,3110246,110 ,14 ,12.73 
01.2018,Tiendas Propias,PSYCHEDELIC NATURE,ENERO,PRIMI-MASCULINO,MODA,ZAPATOS COSIDOS,NO LINEA,18,3110246,110 ,18 ,16.36 
01.2018,Tiendas Propias,PSYCHEDELIC NATURE,ENERO,PRIMI-MASCULINO,MODA,ZAPATOS COSIDOS,NO LINEA,19,3110246,108 ,14 ,12.96 
